{"limsc--requirements-entity-recognition": {"description": "", "citation": "", "homepage": "", "license": "", "features": {"id": {"dtype": "int64", "id": null, "_type": "Value"}, "tokens": {"feature": {"dtype": "string", "id": null, "_type": "Value"}, "length": -1, "id": null, "_type": "Sequence"}, "ner_tags": {"feature": {"num_classes": 11, "names": ["O", "B-ACT", "I-ACT", "B-ATTR", "I-ATTR", "B-RELOP", "I-RELOP", "B-QUANT", "I-QUANT", "B-ENT", "I-ENT"], "id": null, "_type": "ClassLabel"}, "length": -1, "id": null, "_type": "Sequence"}}, "post_processed": null, "supervised_keys": null, "task_templates": null, "builder_name": null, "config_name": null, "version": null, "splits": {"train": {"name": "train", "num_bytes": 259398.04550379197, "num_examples": 646, "dataset_name": "requirements-entity-recognition"}, "val": {"name": "val", "num_bytes": 55413.20476706392, "num_examples": 138, "dataset_name": "requirements-entity-recognition"}, "test": {"name": "test", "num_bytes": 55814.749729144096, "num_examples": 139, "dataset_name": "requirements-entity-recognition"}}, "download_checksums": null, "download_size": 72816, "post_processing_size": null, "dataset_size": 370626.0, "size_in_bytes": 443442.0}}