{"limsc--concept-recognition": {"description": "", "citation": "", "homepage": "", "license": "", "features": {"id": {"dtype": "int64", "id": null, "_type": "Value"}, "tokens": {"feature": {"dtype": "string", "id": null, "_type": "Value"}, "length": -1, "id": null, "_type": "Sequence"}, "ner_tags": {"feature": {"num_classes": 37, "names": ["O", "B-OBDH", "I-OBDH", "B-PARAM", "I-PARAM", "B-POD", "I-POD", "B-POWER", "I-POWER", "B-PROP", "I-PROP", "B-PS", "I-PS", "B-QC", "I-QC", "B-SM", "I-SM", "B-SPACEE", "I-SPACEE", "B-SRC", "I-SRC", "B-SYSE", "I-SYSE", "B-TELE", "I-TELE", "B-THERM", "I-THERM", "B-CLEAN", "I-CLEAN", "B-GNC", "I-GNC", "B-MEA", "I-MEA", "B-MEEE", "I-MEEE", "B-NC", "I-NC"], "id": null, "_type": "ClassLabel"}, "length": -1, "id": null, "_type": "Sequence"}}, "post_processed": null, "supervised_keys": null, "task_templates": null, "builder_name": null, "config_name": null, "version": null, "splits": {"train": {"name": "train", "num_bytes": 369172.63157894736, "num_examples": 611, "dataset_name": "concept-recognition"}, "val": {"name": "val", "num_bytes": 79151.57894736843, "num_examples": 131, "dataset_name": "concept-recognition"}, "test": {"name": "test", "num_bytes": 79755.78947368421, "num_examples": 132, "dataset_name": "concept-recognition"}}, "download_checksums": null, "download_size": 118653, "post_processing_size": null, "dataset_size": 528080.0, "size_in_bytes": 646733.0}}